{"editorVersion":"6.4.20.6","docType":"5","title":"rain-box_htcc-ab02","description":"","colors":{},"schematics":[{"uuid":"8b95bbf757f26eacdfcd92d992aa9b0b","docType":"1","title":"Sheet_1","description":"","dataStr":{"head":{"docType":"1","editorVersion":"6.4.20.6","newgId":true,"c_para":{"Prefix Start":"1"},"c_spiceCmd":"null","hasIdFlag":true,"uuid":"7318f8b6dbe8c60f8fa39d9d99bfbc88","x":"0","y":"0","portOfADImportHack":"","importFlag":0,"transformList":""},"canvas":"CA~1000~1000~#FFFFFF~yes~#CCCCCC~5~1000~1000~line~5~pixel~5~0~0","shape":["LIB~0~-806~package`NONE`BOM_Manufacturer Part`?`spicePre`.`~~0~frame_lib_1~~~0~551f580a55dbfc8b~yes~yes#@$T~N~571.39~-809~0~#000080~Arial~~~~~comment~A~0~start~gge77~0~pinpart#@$PT~M 206 -796 L 206 -806 M 206 -10 L 206 0 M 402 -796 L 402 -806 M 402 -10 L 402 0 M 598 -796 L 598 -806 M 598 -10 L 598 0 M 794 -796 L 794 -806 M 794 -10 L 794 0 M 990 -796 L 990 -806 M 990 -10 L 990 0 M 10 -600 L 0 -600 M 1139 -600 L 1149 -600 M 10 -404 L 0 -404 M 1139 -404 L 1149 -404 M 10 -208 L 0 -208 M 1139 -208 L 1149 -208 M 10 -12 L 0 -12 M 1139 -12 L 1149 -12~#880000~1~0~none~gge6~0~frame_tick#@$T~P~571.39~-818~0~#000080~Arial~~~~~comment~A~0~start~gge76~0~pinpart#@$T~L~1.5~-698~0~#880000~~~~~~comment~A~1~start~gge7~0~frame_tick#@$T~L~1140.5~-698~0~#880000~~~~~~comment~A~1~start~gge9~0~frame_tick#@$T~L~1.5~-502~0~#880000~~~~~~comment~B~1~start~gge11~0~frame_tick#@$T~L~1140.5~-502~0~#880000~~~~~~comment~B~1~start~gge13~0~frame_tick#@$T~L~1.5~-306~0~#880000~~~~~~comment~C~1~start~gge15~0~frame_tick#@$T~L~1140.5~-306~0~#880000~~~~~~comment~C~1~start~gge17~0~frame_tick#@$T~L~1.5~-110~0~#880000~~~~~~comment~D~1~start~gge19~0~frame_tick#@$T~L~1140.5~-110~0~#880000~~~~~~comment~D~1~start~gge21~0~frame_tick#@$T~L~108~-797.5~0~#880000~~~~~~comment~1~1~start~gge23~0~frame_tick#@$T~L~108~-1.5~0~#880000~~~~~~comment~1~1~start~gge25~0~frame_tick#@$T~L~304~-797.5~0~#880000~~~~~~comment~2~1~start~gge27~0~frame_tick#@$T~L~304~-1.5~0~#880000~~~~~~comment~2~1~start~gge29~0~frame_tick#@$T~L~500~-797.5~0~#880000~~~~~~comment~3~1~start~gge31~0~frame_tick#@$T~L~500~-1.5~0~#880000~~~~~~comment~3~1~start~gge33~0~frame_tick#@$T~L~696~-797.5~0~#880000~~~~~~comment~4~1~start~gge35~0~frame_tick#@$T~L~696~-1.5~0~#880000~~~~~~comment~4~1~start~gge37~0~frame_tick#@$T~L~892~-797.5~0~#880000~~~~~~comment~5~1~start~gge39~0~frame_tick#@$T~L~892~-1.5~0~#880000~~~~~~comment~5~1~start~gge?~0~frame_tick#@$R~10~-796~~~1129~786~#880000~1~0~none~gge42~0~frame_innerbox#@$R~0~-806~~~1149~806~#880000~1~0~none~gge43~0~frame_outbox#@$R~694.99995~-90~~~444~80~#880000~1~0~none~gge44~0~frame_hitarea#@$PL~695.1 -50.75 1138.63 -50.75~#880000~1~0~none~gge45~0#@$PL~799.63 -30.75 1138.63 -30.75~#880000~1~0~none~gge46~0#@$PL~1059.61 -89.93 1059.63 -50.75~#880000~1~0~none~gge47~0#@$PL~1059.63 -50.75 1059.63 -30.75~#880000~1~0~none~gge48~0#@$T~L~699.99995~-77~0~#880000~~8pt~~~~comment~TITLE:~1~start~gge49~0~pinpart#@$T~L~757.62495~-64.41~0~#0000FF~~10pt~~~~comment~LoRa Rain Gauge~1~start~gge51~0~frame_title#@$T~L~1064.62495~-63.75~0~#880000~~8pt~~~~comment~REV:~1~start~gge53~0~pinpart#@$T~L~1102.62495~-63.75~0~#0000FF~~9pt~~~~comment~1.0~1~start~gge55~0~frame_version#@$T~L~804.62495~-15~0~#880000~~8pt~~~~comment~Date:~1~start~gge57~0~pinpart#@$T~L~851.62495~-14.52~0~#0000FF~~9pt~~~~comment~2021-04-08~1~start~gge59~0~frame_date#@$T~L~1063.62495~-35~0~#880000~~8pt~~~~comment~Sheet:~1~start~gge61~0~pinpart#@$T~L~1108.62495~-34.52~0~#0000FF~~9pt~~~~comment~1/1~1~start~gge63~0~frame_sheet#@$T~L~943.62495~-14.75~0~#880000~~8pt~~~~comment~Drawn By:~1~start~gge65~0~pinpart#@$T~L~1008.63~-14.75~0~#0000FF~~9pt~~~~comment~Paul & Stanley~1~start~gge67~0~frame_drawn#@$T~L~804.62495~-36.75~0~#880000~~8pt~~~~comment~Company:~1~start~gge69~0~pinpart#@$T~L~871.24995~-36.64~0~#0000FF~~9pt~~~~comment~MeshLab~1~start~gge71~0~frame_company#@$PL~799.63 -50.75 799.63 -10.75~#880000~1~0~none~gge73~0","LIB~985~-570~package`CONN-TH_2P-P5.00_WJ301V-5.00-3P`BOM_Supplier`LCSC`BOM_Manufacturer`ReliaPro`BOM_Manufacturer Part`WJ301V-5.0-3P`image`//image.lceda.cn/szlcsc/C8483.jpg`BOM_Supplier Part`C8483`BOM_LCSC Assembly`Yes`SMT Type`Extend`BOM_Paste Type`expand`spicePre`P`spiceSymbolName`WJ301V-5.0-3P`~180~0~ggec60ba09773ee43c7~a7d2420f6c2b4997b4d8e04626336bf6~07f61cfe981de2ff587010f47e6f99e6~0~004f50f211c83f59~yes~yes#@$T~N~956.85~-530~0~#000080~Arial~~~~~comment~WJ301V-5.0-3P~1~start~gge416~0~pinpart#@$T~P~956.85~-520.86~0~#000080~Arial~~~~~comment~ONE_WIRE_IN~1~start~gge418~0~pinpart#@$R~985~-600~~~30~60~#000000~1~0~none~gge420~0~#@$P~show~0~1~965~-590~180~gge421~0^^965~-590^^M 965 -590 h 20~#880000^^1~987~-587~0~1~start~~~#0000FF^^1~980~-591~0~1~end~~~#0000FF^^0~982~-590^^0~M 985 -587 L 988 -590 L 985 -593#@$P~show~0~2~965~-570~180~gge428~0^^965~-570^^M 965 -570 h 20~#880000^^1~987~-567~0~2~start~~~#0000FF^^1~980~-571~0~2~end~~~#0000FF^^0~982~-570^^0~M 985 -567 L 988 -570 L 985 -573#@$P~show~0~3~965~-550~180~gge435~0^^965~-550^^M 965 -550 h 20~#880000^^1~987~-547~0~3~start~~~#0000FF^^1~980~-551~0~3~end~~~#0000FF^^0~982~-550^^0~M 985 -547 L 988 -550 L 985 -553","LIB~155~-605~package`CONN-TH_XY301V-A-5.0-2P`BOM_Supplier`LCSC`BOM_Supplier Part`C557651`BOM_Manufacturer`--`BOM_Manufacturer Part`XY301V-A-5.0-2P`Contributor`LCSC`BOM_LCSC Assembly`Yes`SMT Type`Extend`BOM_Paste Type`expand`spicePre`U`spiceSymbolName`XY301V-A-5.0-2P`~180~0~ggeb3de71c10319944b~634790b3a3634c79b0ccf4a39e7e3d95~54b9ebb30ec04f3a9a67d8fa51a8adf6~0~1edba20409ea317e~yes~yes#@$T~N~137.453125~-623~0~#000080~Arial~~~~~comment~XY301V-A-5.0-2P~1~start~gge492~0~pinpart#@$T~P~137.46~-632.105625~0~#000080~Arial~~~~~comment~SOLAR_IN~1~start~gge494~0~pinpart#@$R~145~-620~2~2~20~30~#880000~1~0~none~gge496~0~#@$E~160~-595~1.5~1.5~#880000~1~0~#880000~gge497~0#@$P~show~0~1~175~-600~0~gge498~0^^175~-600^^M 175 -600 h -10~#880000^^1~161.3~-596~0~1~end~~~#0000FF^^1~165.5~-601~0~1~start~~~#0000FF^^0~168~-600^^0~M 165 -603 L 162 -600 L 165 -597#@$P~show~0~2~175~-610~0~gge505~0^^175~-610^^M 175 -610 h -10~#880000^^1~161.3~-606~0~2~end~~~#0000FF^^1~165.5~-611~0~2~start~~~#0000FF^^0~168~-610^^0~M 165 -613 L 162 -610 L 165 -607","LIB~920~-550~package`R0603`nameAlias`Value(Ω)`BOM_Supplier Part``BOM_Supplier``Contributor`LCEDA_Lib`spicePre`R`spiceSymbolName`R_0603_EU`BOM_Manufacturer Part``~90~0~ggec79fa54e62bf39fb~1bf59dff03ec4233aa077dc7cf0e92a1~bb009484ef804a24ac5d18c54b249586~0~cfbe9ace2589dc42~yes~yes#@$T~N~927~-537.64~0~#000080~Arial~~~~~comment~4.7k~1~start~gge568~0~pinpart#@$T~P~927~-546.79~0~#000080~Arial~~~~~comment~R1~1~start~gge570~0~pinpart#@$R~915~-560~~~10~20~#A00000~1~0~none~gge572~0~#@$P~show~0~2~920~-570~90~gge573~0^^920~-570^^M 920 -560 v -10~#800^^0~920~-556~270~2~end~~~#800^^0~916~-564~270~2~start~~~#800^^0~920~-583^^0~M 917 -580 L 920 -577 L 923 -580#@$P~show~0~1~920~-530~270~gge580~0^^920~-530^^M 920 -540 v 10~#800^^0~920~-544~270~1~start~~~#800^^0~916~-536~270~1~end~~~#800^^0~920~-517^^0~M 923 -520 L 920 -523 L 917 -520","LIB~220~-535~package`HDR-TH_15P-P2.54-V`BOM_Supplier`LCSC`BOM_Manufacturer`Ckmtw`BOM_Manufacturer Part`220S-1*15P H=8.5MM Ytype Gold-plated`BOM_Supplier Part`C124408`BOM_LCSC Assembly`Yes`SMT Type`Extend`BOM_Paste Type`expand`spicePre`H`spiceSymbolName`Header-Female-2.54_1x15`~~0~gge6533424959ddad8c~9113d2c51a594771a42e03539b691133~815aa05d622d482087834ee050c9ff15~0~49f04dfda0b5c0e0~yes~yes#@$T~N~329.015625~-623.375~0~#000080~Arial~~~~~comment~Header-Female-2.54_1x15~0~end~gge3169~0~pinpart#@$T~P~217.29~-631.84375~0~#000080~Arial~~~~~comment~H3~0~start~gge3170~0~pinpart#@$R~205~-620~2~2~25~160~#880000~1~0~none~gge2296~0~#@$P~show~0~1~240~-610~0~gge2297~0^^240~-610^^M 240 -610 h -10~#880000^^1~228~-607~0~1~end~~~#0000FF^^0~230~-611~0~1~start~~~#0000FF^^0~233~-610^^0~M 230 -613 L 227 -610 L 230 -607#@$P~show~0~2~240~-600~0~gge2304~0^^240~-600^^M 240 -600 h -10~#880000^^1~228~-597~0~2~end~~~#0000FF^^0~230~-601~0~2~start~~~#0000FF^^0~233~-600^^0~M 230 -603 L 227 -600 L 230 -597#@$P~show~0~3~240~-590~0~gge2311~0^^240~-590^^M 240 -590 h -10~#880000^^1~228~-587~0~3~end~~~#0000FF^^0~230~-591~0~3~start~~~#0000FF^^0~233~-590^^0~M 230 -593 L 227 -590 L 230 -587#@$P~show~0~4~240~-580~0~gge2318~0^^240~-580^^M 240 -580 h -10~#880000^^1~228~-577~0~4~end~~~#0000FF^^0~230~-581~0~4~start~~~#0000FF^^0~233~-580^^0~M 230 -583 L 227 -580 L 230 -577#@$P~show~0~5~240~-570~0~gge2325~0^^240~-570^^M 240 -570 h -10~#880000^^1~228~-567~0~5~end~~~#0000FF^^0~230~-571~0~5~start~~~#0000FF^^0~233~-570^^0~M 230 -573 L 227 -570 L 230 -567#@$P~show~0~6~240~-560~0~gge2332~0^^240~-560^^M 240 -560 h -10~#880000^^1~228~-557~0~6~end~~~#0000FF^^0~230~-561~0~6~start~~~#0000FF^^0~233~-560^^0~M 230 -563 L 227 -560 L 230 -557#@$P~show~0~7~240~-550~0~gge2339~0^^240~-550^^M 240 -550 h -10~#880000^^1~228~-547~0~7~end~~~#0000FF^^0~230~-551~0~7~start~~~#0000FF^^0~233~-550^^0~M 230 -553 L 227 -550 L 230 -547#@$P~show~0~8~240~-540~0~gge2346~0^^240~-540^^M 240 -540 h -10~#880000^^1~228~-537~0~8~end~~~#0000FF^^0~230~-541~0~8~start~~~#0000FF^^0~233~-540^^0~M 230 -543 L 227 -540 L 230 -537#@$P~show~0~9~240~-530~0~gge2353~0^^240~-530^^M 240 -530 h -10~#880000^^1~228~-527~0~9~end~~~#0000FF^^0~230~-531~0~9~start~~~#0000FF^^0~233~-530^^0~M 230 -533 L 227 -530 L 230 -527#@$P~show~0~10~240~-520~0~gge2360~0^^240~-520^^M 240 -520 h -10~#880000^^1~228~-517~0~10~end~~~#0000FF^^0~230~-521~0~10~start~~~#0000FF^^0~233~-520^^0~M 230 -523 L 227 -520 L 230 -517#@$P~show~0~11~240~-510~0~gge2367~0^^240~-510^^M 240 -510 h -10~#880000^^1~228~-507~0~11~end~~~#0000FF^^0~230~-511~0~11~start~~~#0000FF^^0~233~-510^^0~M 230 -513 L 227 -510 L 230 -507#@$P~show~0~12~240~-500~0~gge2374~0^^240~-500^^M 240 -500 h -10~#880000^^1~228~-497~0~12~end~~~#0000FF^^0~230~-501~0~12~start~~~#0000FF^^0~233~-500^^0~M 230 -503 L 227 -500 L 230 -497#@$P~show~0~13~240~-490~0~gge2381~0^^240~-490^^M 240 -490 h -10~#880000^^1~228~-487~0~13~end~~~#0000FF^^0~230~-491~0~13~start~~~#0000FF^^0~233~-490^^0~M 230 -493 L 227 -490 L 230 -487#@$P~show~0~14~240~-480~0~gge2388~0^^240~-480^^M 240 -480 h -10~#880000^^1~228~-477~0~14~end~~~#0000FF^^0~230~-481~0~14~start~~~#0000FF^^0~233~-480^^0~M 230 -483 L 227 -480 L 230 -477#@$P~show~0~15~240~-470~0~gge2395~0^^240~-470^^M 240 -470 h -10~#880000^^1~228~-467~0~15~end~~~#0000FF^^0~230~-471~0~15~start~~~#0000FF^^0~233~-470^^0~M 230 -473 L 227 -470 L 230 -467","W~345 -655 295 -655 295 -590 240 -590~#008800~1~0~none~gge2410~0","W~345 -635 300 -635 300 -580 240 -580~#008800~1~0~none~gge2411~0","W~345 -615 305 -615 305 -570 240 -570~#008800~1~0~none~gge2412~0","W~345 -595 310 -595 310 -560 240 -560~#008800~1~0~none~gge2413~0","W~345 -575 315 -575 315 -550 240 -550~#008800~1~0~none~gge2414~0","W~345 -555 320 -555 320 -540 240 -540~#008800~1~0~none~gge2415~0","W~345 -535 265 -535 265 -530 240 -530~#008800~1~0~none~gge2416~0","W~345 -515 345 -520 240 -520~#008800~1~0~none~gge2417~0","W~345 -495 340 -495 340 -510 240 -510~#008800~1~0~none~gge2418~0","W~345 -475 335 -475 335 -500 240 -500~#008800~1~0~none~gge2419~0","W~345 -455 330 -455 330 -490 240 -490~#008800~1~0~none~gge2420~0","W~345 -435 325 -435 325 -480 240 -480~#008800~1~0~none~gge2421~0","W~345 -415 265 -415 265 -470 240 -470~#008800~1~0~none~gge2422~0","LIB~770~-555~package`HDR-TH_15P-P2.54-V`BOM_Supplier`LCSC`BOM_Manufacturer`Ckmtw`BOM_Manufacturer Part`220S-1*15P H=8.5MM Ytype Gold-plated`BOM_Supplier Part`C124408`BOM_LCSC Assembly`Yes`SMT Type`Extend`BOM_Paste Type`expand`spicePre`H`spiceSymbolName`Header-Female-2.54_1x15`~180~0~gge08e22c0b089ba7c3~9113d2c51a594771a42e03539b691133~815aa05d622d482087834ee050c9ff15~0~54f76d8fba5b5f6b~yes~yes#@$T~N~872.015625~-633.375~0~#000080~Arial~~~~~comment~Header-Female-2.54_1x15~0~end~gge3167~0~pinpart#@$T~P~760.63~-641.84375~0~#000080~Arial~~~~~comment~H4~0~start~gge3168~0~pinpart#@$R~760~-630~2~2~25~160~#880000~1~0~none~gge2433~0~#@$P~show~0~1~750~-480~180~gge2434~0^^750~-480^^M 750 -480 h 10~#880000^^1~762~-477~0~1~start~~~#0000FF^^0~760~-481~0~1~end~~~#0000FF^^0~757~-480^^0~M 760 -477 L 763 -480 L 760 -483#@$P~show~0~2~750~-490~180~gge2441~0^^750~-490^^M 750 -490 h 10~#880000^^1~762~-487~0~2~start~~~#0000FF^^0~760~-491~0~2~end~~~#0000FF^^0~757~-490^^0~M 760 -487 L 763 -490 L 760 -493#@$P~show~0~3~750~-500~180~gge2448~0^^750~-500^^M 750 -500 h 10~#880000^^1~762~-497~0~3~start~~~#0000FF^^0~760~-501~0~3~end~~~#0000FF^^0~757~-500^^0~M 760 -497 L 763 -500 L 760 -503#@$P~show~0~4~750~-510~180~gge2455~0^^750~-510^^M 750 -510 h 10~#880000^^1~762~-507~0~4~start~~~#0000FF^^0~760~-511~0~4~end~~~#0000FF^^0~757~-510^^0~M 760 -507 L 763 -510 L 760 -513#@$P~show~0~5~750~-520~180~gge2462~0^^750~-520^^M 750 -520 h 10~#880000^^1~762~-517~0~5~start~~~#0000FF^^0~760~-521~0~5~end~~~#0000FF^^0~757~-520^^0~M 760 -517 L 763 -520 L 760 -523#@$P~show~0~6~750~-530~180~gge2469~0^^750~-530^^M 750 -530 h 10~#880000^^1~762~-527~0~6~start~~~#0000FF^^0~760~-531~0~6~end~~~#0000FF^^0~757~-530^^0~M 760 -527 L 763 -530 L 760 -533#@$P~show~0~7~750~-540~180~gge2476~0^^750~-540^^M 750 -540 h 10~#880000^^1~762~-537~0~7~start~~~#0000FF^^0~760~-541~0~7~end~~~#0000FF^^0~757~-540^^0~M 760 -537 L 763 -540 L 760 -543#@$P~show~0~8~750~-550~180~gge2483~0^^750~-550^^M 750 -550 h 10~#880000^^1~762~-547~0~8~start~~~#0000FF^^0~760~-551~0~8~end~~~#0000FF^^0~757~-550^^0~M 760 -547 L 763 -550 L 760 -553#@$P~show~0~9~750~-560~180~gge2490~0^^750~-560^^M 750 -560 h 10~#880000^^1~762~-557~0~9~start~~~#0000FF^^0~760~-561~0~9~end~~~#0000FF^^0~757~-560^^0~M 760 -557 L 763 -560 L 760 -563#@$P~show~0~10~750~-570~180~gge2497~0^^750~-570^^M 750 -570 h 10~#880000^^1~762~-567~0~10~start~~~#0000FF^^0~760~-571~0~10~end~~~#0000FF^^0~757~-570^^0~M 760 -567 L 763 -570 L 760 -573#@$P~show~0~11~750~-580~180~gge2504~0^^750~-580^^M 750 -580 h 10~#880000^^1~762~-577~0~11~start~~~#0000FF^^0~760~-581~0~11~end~~~#0000FF^^0~757~-580^^0~M 760 -577 L 763 -580 L 760 -583#@$P~show~0~12~750~-590~180~gge2511~0^^750~-590^^M 750 -590 h 10~#880000^^1~762~-587~0~12~start~~~#0000FF^^0~760~-591~0~12~end~~~#0000FF^^0~757~-590^^0~M 760 -587 L 763 -590 L 760 -593#@$P~show~0~13~750~-600~180~gge2518~0^^750~-600^^M 750 -600 h 10~#880000^^1~762~-597~0~13~start~~~#0000FF^^0~760~-601~0~13~end~~~#0000FF^^0~757~-600^^0~M 760 -597 L 763 -600 L 760 -603#@$P~show~0~14~750~-610~180~gge2525~0^^750~-610^^M 750 -610 h 10~#880000^^1~762~-607~0~14~start~~~#0000FF^^0~760~-611~0~14~end~~~#0000FF^^0~757~-610^^0~M 760 -607 L 763 -610 L 760 -613#@$P~show~0~15~750~-620~180~gge2532~0^^750~-620^^M 750 -620 h 10~#880000^^1~762~-617~0~15~start~~~#0000FF^^0~760~-621~0~15~end~~~#0000FF^^0~757~-620^^0~M 760 -617 L 763 -620 L 760 -623","W~585 -415 615 -415 615 -480 750 -480~#008800~1~0~none~gge2545~0","W~585 -435 605 -435 605 -490 750 -490~#008800~1~0~none~gge2546~0","W~585 -455 600 -455 600 -500 750 -500~#008800~1~0~none~gge2547~0","W~585 -475 595 -475 595 -510 750 -510~#008800~1~0~none~gge2548~0","W~585 -495 590 -495 590 -520 750 -520~#008800~1~0~none~gge2549~0","W~585 -515 585 -530 750 -530~#008800~1~0~none~gge2550~0","W~585 -635 650 -645 650 -590 750 -590~#008800~1~0~none~gge2556~0","LIB~365~-715~package`HTCC-AB02 CUBECELL DEV-BOARD`BOM_Manufacturer`Heltec`BOM_Manufacturer Part`HTCC-AB02`BOM_Supplier`nettigo.eu`BOM_Supplier Part`HTCC-AB02`link`http://resource.heltec.cn/download/CubeCell/HTCC-AB02/HTCC-AB02_PinoutDiagram.pdf`Contributor`SpiBee`spicePre`U`spiceSymbolName`Heltec CubCell dev board AB02`~~0~gge7281ae2ffb6eca1d~20eb0220016b4dec9e89b0cd2e0102c1~26e8dcf1604443b6b5e5d02a69d6b8b6~0~4e4a11336a7b9a1d~yes~yes#@$T~N~458.875~-718~0~#000080~Arial~~~~~comment~Heltec CubCell dev board AB02~1~start~gge2615~0~pinpart#@$T~P~458.8828125~-727~0~#000080~Arial~~~~~comment~U1~1~start~gge2617~0~pinpart#@$R~365~-715~~~200~350~#000000~1~0~none~gge2619~0~#@$P~show~4~62~345~-695~180~gge2620~0^^345~-695^^M 345 -695 h 20~#FF0000^^1~367~-692~0~VS~start~~~#FF0000^^1~360~-696~0~62~end~~~#FF0000^^0~362~-695^^0~M 365 -692 L 368 -695 L 365 -698#@$P~show~4~61~345~-675~180~gge2627~0^^345~-675^^M 345 -675 h 20~#000000^^1~367~-672~0~GND~start~~~#000000^^1~360~-676~0~61~end~~~#000000^^0~362~-675^^0~M 365 -672 L 368 -675 L 365 -678#@$P~show~4~63~345~-655~180~gge2634~0^^345~-655^^M 345 -655 h 20~#FF0000^^1~367~-652~0~Vext~start~~~#FF0000^^1~360~-656~0~63~end~~~#FF0000^^0~362~-655^^0~M 365 -652 L 368 -655 L 365 -658#@$P~show~3~29~345~-635~180~gge2641~0^^345~-635^^M 345 -635 h 20~#0000FF^^1~367~-632~0~RX2~start~~~#0000FF^^1~360~-636~0~29~end~~~#0000FF^^0~362~-635^^0~M 365 -632 L 368 -635 L 365 -638#@$P~show~3~30~345~-615~180~gge2648~0^^345~-615^^M 345 -615 h 20~#0000FF^^1~367~-612~0~TX2~start~~~#0000FF^^1~360~-616~0~30~end~~~#0000FF^^0~362~-615^^0~M 365 -612 L 368 -615 L 365 -618#@$P~show~3~36~345~-595~180~gge2655~0^^345~-595^^M 345 -595 h 20~#0000FF^^1~367~-592~0~GPIO8~start~~~#0000FF^^1~360~-596~0~36~end~~~#0000FF^^0~362~-595^^0~M 365 -592 L 368 -595 L 365 -598#@$P~show~3~37~345~-575~180~gge2662~0^^345~-575^^M 345 -575 h 20~#880000^^1~367~-572~0~GPIO9~start~~~#0000FF^^1~360~-576~0~37~end~~~#0000FF^^0~362~-575^^0~M 365 -572 L 368 -575 L 365 -578#@$P~show~3~38~345~-555~180~gge2669~0^^345~-555^^M 345 -555 h 20~#880000^^1~367~-552~0~GPIO10~start~~~#0000FF^^1~360~-556~0~38~end~~~#0000FF^^0~362~-555^^0~M 365 -552 L 368 -555 L 365 -558#@$P~show~3~39~345~-535~180~gge2676~0^^345~-535^^M 345 -535 h 20~#880000^^1~367~-532~0~I2C_SCL~start~~~#0000FF^^1~360~-536~0~39~end~~~#0000FF^^0~362~-535^^0~M 365 -532 L 368 -535 L 365 -538#@$P~show~3~40~345~-515~180~gge2683~0^^345~-515^^M 345 -515 h 20~#880000^^1~367~-512~0~I2C_SDA~start~~~#0000FF^^1~360~-516~0~40~end~~~#0000FF^^0~362~-515^^0~M 365 -512 L 368 -515 L 365 -518#@$P~show~3~41~345~-495~180~gge2690~0^^345~-495^^M 345 -495 h 20~#880000^^1~367~-492~0~GPIO11~start~~~#0000FF^^1~360~-496~0~41~end~~~#0000FF^^0~362~-495^^0~M 365 -492 L 368 -495 L 365 -498#@$P~show~3~42~345~-475~180~gge2697~0^^345~-475^^M 345 -475 h 20~#880000^^1~367~-472~0~GPIO12~start~~~#0000FF^^1~360~-476~0~42~end~~~#0000FF^^0~362~-475^^0~M 365 -472 L 368 -475 L 365 -478#@$P~show~3~45~345~-455~180~gge2704~0^^345~-455^^M 345 -455 h 20~#0000FF^^1~367~-452~0~GPIO13~start~~~#0000FF^^1~360~-456~0~45~end~~~#0000FF^^0~362~-455^^0~M 365 -452 L 368 -455 L 365 -458#@$P~show~3~46~345~-435~180~gge2711~0^^345~-435^^M 345 -435 h 20~#0000FF^^1~367~-432~0~GPIO14~start~~~#0000FF^^1~360~-436~0~46~end~~~#0000FF^^0~362~-435^^0~M 365 -432 L 368 -435 L 365 -438#@$P~show~3~50~345~-415~180~gge2718~0^^345~-415^^M 345 -415 h 20~#880000^^1~367~-412~0~RESET~start~~~#0000FF^^1~360~-416~0~50~end~~~#0000FF^^0~362~-415^^0~M 365 -412 L 368 -415 L 365 -418#@$P~show~1~3~585~-415~0~gge2725~0^^585~-415^^M 585 -415 h -20~#880000^^1~563~-412~0~ADC1~end~~~#0000FF^^1~570~-416~0~3~start~~~#0000FF^^0~568~-415^^0~M 565 -418 L 562 -415 L 565 -412#@$P~show~1~2~585~-435~0~gge2732~0^^585~-435^^M 585 -435 h -20~#0000FF^^1~563~-432~0~ADC2~end~~~#0000FF^^1~570~-436~0~2~start~~~#0000FF^^0~568~-435^^0~M 565 -438 L 562 -435 L 565 -432#@$P~show~1~4~585~-455~0~gge2739~0^^585~-455^^M 585 -455 h -20~#0000FF^^1~563~-452~0~ADC3~end~~~#0000FF^^1~570~-456~0~4~start~~~#0000FF^^0~568~-455^^0~M 565 -458 L 562 -455 L 565 -452#@$P~show~3~8~585~-475~0~gge2746~0^^585~-475^^M 585 -475 h -20~#880000^^1~563~-472~0~GPIO1~end~~~#0000FF^^1~570~-476~0~8~start~~~#0000FF^^0~568~-475^^0~M 565 -478 L 562 -475 L 565 -472#@$P~show~3~9~585~-495~0~gge2753~0^^585~-495^^M 585 -495 h -20~#880000^^1~563~-492~0~GPIO2~end~~~#0000FF^^1~570~-496~0~9~start~~~#0000FF^^0~568~-495^^0~M 565 -498 L 562 -495 L 565 -492#@$P~show~3~10~585~-515~0~gge2760~0^^585~-515^^M 585 -515 h -20~#880000^^1~563~-512~0~GPIO3~end~~~#0000FF^^1~570~-516~0~10~start~~~#0000FF^^0~568~-515^^0~M 565 -518 L 562 -515 L 565 -512#@$P~show~3~11~585~-535~0~gge2767~0^^585~-535^^M 585 -535 h -20~#880000^^1~563~-532~0~GPIO4~end~~~#0000FF^^1~570~-536~0~11~start~~~#0000FF^^0~568~-535^^0~M 565 -538 L 562 -535 L 565 -532#@$P~show~3~23~585~-555~0~gge2774~0^^585~-555^^M 585 -555 h -20~#880000^^1~563~-552~0~GPIO7~end~~~#0000FF^^1~570~-556~0~23~start~~~#0000FF^^0~568~-555^^0~M 565 -558 L 562 -555 L 565 -552#@$P~show~3~22~585~-575~0~gge2781~0^^585~-575^^M 585 -575 h -20~#880000^^1~563~-572~0~GPIO6~end~~~#0000FF^^1~570~-576~0~22~start~~~#0000FF^^0~568~-575^^0~M 565 -578 L 562 -575 L 565 -572#@$P~show~3~21~585~-595~0~gge2788~0^^585~-595^^M 585 -595 h -20~#0000FF^^1~563~-592~0~GPIO5~end~~~#0000FF^^1~570~-596~0~21~start~~~#0000FF^^0~568~-595^^0~M 565 -598 L 562 -595 L 565 -592#@$P~show~3~17~585~-615~0~gge2795~0^^585~-615^^M 585 -615 h -20~#0000FF^^1~563~-612~0~RX1~end~~~#0000FF^^1~570~-616~0~17~start~~~#0000FF^^0~568~-615^^0~M 565 -618 L 562 -615 L 565 -612#@$P~show~3~18~585~-635~0~gge2802~0^^585~-635^^M 585 -635 h -20~#0000FF^^1~563~-632~0~TX1~end~~~#0000FF^^1~570~-636~0~18~start~~~#0000FF^^0~568~-635^^0~M 565 -638 L 562 -635 L 565 -632#@$P~show~4~1~585~-655~0~gge2809~0^^585~-655^^M 585 -655 h -20~#FF0000^^1~563~-652~0~VDD~end~~~#FF0000^^1~570~-656~0~1~start~~~#FF0000^^0~568~-655^^0~M 565 -658 L 562 -655 L 565 -652#@$P~show~4~5~585~-675~0~gge2816~0^^585~-675^^M 585 -675 h -20~#000000^^1~563~-672~0~GND~end~~~#000000^^1~570~-676~0~5~start~~~#000000^^0~568~-675^^0~M 565 -678 L 562 -675 L 565 -672#@$P~show~4~64~585~-695~0~gge2823~0^^585~-695^^M 585 -695 h -20~#FF0000^^1~563~-692~0~Vin~end~~~#FF0000^^1~570~-696~0~64~start~~~#FF0000^^0~568~-695^^0~M 565 -698 L 562 -695 L 565 -692#@$P~show~1~27~525~-345~270~gge2830~0^^525~-345^^M 525 -345 v -20~#0000FF^^1~528~-367~270~CLK1~start~~~#0000FF^^1~524~-360~270~27~end~~~#0000FF^^0~525~-362^^0~M 528 -365 L 525 -368 L 522 -365#@$P~show~1~28~505~-345~270~gge2837~0^^505~-345^^M 505 -345 v -20~#0000FF^^1~508~-367~270~NSS1~start~~~#0000FF^^1~504~-360~270~28~end~~~#0000FF^^0~505~-362^^0~M 508 -365 L 505 -368 L 502 -365#@$P~show~1~25~445~-345~270~gge2844~0^^445~-345^^M 445 -345 v -20~#0000FF^^1~448~-367~270~MOSI1~start~~~#0000FF^^1~444~-360~270~25~end~~~#0000FF^^0~445~-362^^0~M 448 -365 L 445 -368 L 442 -365#@$P~show~1~26~425~-345~270~gge2851~0^^425~-345^^M 425 -345 v -20~#0000FF^^1~428~-367~270~MISO1~start~~~#0000FF^^1~424~-360~270~26~end~~~#0000FF^^0~425~-362^^0~M 428 -365 L 425 -368 L 422 -365#@$P~show~1~20~455~-565~270~gge2858~0^^455~-565^^M 455 -565 v -20~#0000FF^^1~458~-587~270~GPIO16~start~~~#0000FF^^1~454~-580~270~20~end~~~#0000FF^^0~455~-582^^0~M 458 -585 L 455 -588 L 452 -585#@$P~show~1~19~475~-565~270~gge2865~0^^475~-565^^M 475 -565 v -20~#0000FF^^1~478~-587~270~GPIO15~start~~~#0000FF^^1~474~-580~270~19~end~~~#0000FF^^0~475~-582^^0~M 478 -585 L 475 -588 L 472 -585","W~750 -580 645 -580 645 -615 585 -615~#008800~1~0~none~gge3189~0","W~750 -550 630 -550 630 -555 585 -555~#008800~1~0~none~gge3194~0","W~585 -535 605 -535 605 -540 750 -540~#008800~1~0~none~gge3195~0","LIB~835~-670~package`CONN-TH_XY301V-A-5.0-2P`BOM_Supplier`LCSC`BOM_Supplier Part`C557651`BOM_Manufacturer`--`BOM_Manufacturer Part`XY301V-A-5.0-2P`Contributor`LCSC`BOM_LCSC Assembly`Yes`SMT Type`Extend`BOM_Paste Type`expand`spicePre`U`spiceSymbolName`XY301V-A-5.0-2P`~180~0~gge596520b511999fcc~634790b3a3634c79b0ccf4a39e7e3d95~54b9ebb30ec04f3a9a67d8fa51a8adf6~0~3a6df9559437f0ed~yes~yes#@$T~N~807.5625~-688~0~#000080~Arial~~~~~comment~XY301V-A-5.0-2P~1~start~gge3232~0~pinpart#@$T~P~807.58~-696.84~0~#000080~Arial~~~~~comment~RAIN_GAUGE1~1~start~gge3234~0~pinpart#@$R~825~-685~2~2~20~30~#880000~1~0~none~gge3236~0~#@$E~840~-660~1.5~1.5~#880000~1~0~#880000~gge3237~0#@$P~show~0~1~855~-665~0~gge3238~0^^855~-665^^M 855 -665 h -10~#880000^^1~841.3~-661~0~1~end~~~#0000FF^^1~845.5~-666~0~1~start~~~#0000FF^^0~848~-665^^0~M 845 -668 L 842 -665 L 845 -662#@$P~show~0~2~855~-675~0~gge3245~0^^855~-675^^M 855 -675 h -10~#880000^^1~841.3~-671~0~2~end~~~#0000FF^^1~845.5~-676~0~2~start~~~#0000FF^^0~848~-675^^0~M 845 -678 L 842 -675 L 845 -672","O~455~-565~gge3277~M 451 -569 L 459 -561 M 459 -569 L 451 -561~#33cc33~0","O~475~-565~gge3279~M 471 -569 L 479 -561 M 479 -569 L 471 -561~#33cc33~0","O~425~-345~gge3281~M 421 -349 L 429 -341 M 429 -349 L 421 -341~#33cc33~0","O~445~-345~gge3283~M 441 -349 L 449 -341 M 449 -349 L 441 -341~#33cc33~0","O~505~-345~gge3285~M 501 -349 L 509 -341 M 509 -349 L 501 -341~#33cc33~0","O~525~-345~gge3287~M 521 -349 L 529 -341 M 529 -349 L 521 -341~#33cc33~0","F~part_netLabel_gnD~585~-675~90~gge3291~~0^^585~-675^^GND~#000000~601.5~-670.9296875~0~start~1~Times New Roman~9pt~flag_gge5^^PL~595 -675 585 -675~#000000~1~0~transparent~gge3295~0^^PL~595 -666 595 -684~#000000~1~0~transparent~gge3296~0^^PL~597 -669 597 -681~#000000~1~0~transparent~gge3297~0^^PL~599 -672 599 -678~#000000~1~0~transparent~gge3298~0^^PL~601 -674 601 -676~#000000~1~0~transparent~gge3299~0","F~part_netLabel_gnD~325~-675~0~gge3301~~0^^325~-675^^GND~#000000~312~-649~0~start~1~Times New Roman~9pt~flag_gge6^^PL~325 -665 325 -675~#000000~1~0~transparent~gge3305~0^^PL~316 -665 334 -665~#000000~1~0~transparent~gge3306~0^^PL~319 -663 331 -663~#000000~1~0~transparent~gge3307~0^^PL~322 -661 328 -661~#000000~1~0~transparent~gge3308~0^^PL~324 -659 326 -659~#000000~1~0~transparent~gge3309~0","W~175 -600 240 -600 285 -600 285 -675 325 -675 345 -675~#008800~1~0~none~gge3316~0","W~345 -695 275 -695 275 -610 240 -610 175 -610~#008800~1~0~none~gge3321~0","F~part_netLabel_netPort~585~-695~180~gge3400~~0^^585~-695^^Vin~#0000FF~606.89~-692.6~0~~1~Times New Roman~8pt~flag_gge7^^PL~585 -695 590 -700 605 -700 605 -690 590 -690 585 -695~#0000FF~1~0~transparent~gge3404~0","F~part_netLabel_netPort~585~-655~180~gge3412~~0^^585~-655^^VDD~#0000FF~606.89~-652.56~0~~1~Times New Roman~8pt~flag_gge8^^PL~585 -655 590 -660 605 -660 605 -650 590 -650 585 -655~#0000FF~1~0~transparent~gge3416~0","F~part_netLabel_netPort~910~-570~0~gge3422~~0^^910~-570^^VDD~#0000FF~865.31~-565.04~0~~1~Times New Roman~8pt~flag_gge9^^PL~910 -570 905 -565 890 -565 890 -575 905 -575 910 -570~#0000FF~1~0~transparent~gge3426~0","W~910 -570 920 -570~#008800~1~0~none~gge3432~0","W~920 -570 930 -570 965 -570~#008800~1~0~none~gge3436~0","F~part_netLabel_netPort~855~-665~180~gge3441~~0^^855~-665^^GPIO5~#0000FF~876.87~-662.58~0~~1~Times New Roman~8pt~flag_gge10^^PL~855 -665 860 -670 875 -670 875 -660 860 -660 855 -665~#0000FF~1~0~transparent~gge3445~0","F~part_netLabel_gnD~900~-675~90~gge3451~~0^^900~-675^^GND~#000000~916.5~-670.9296875~0~start~1~Times New Roman~9pt~flag_gge11^^PL~910 -675 900 -675~#000000~1~0~transparent~gge3455~0^^PL~910 -666 910 -684~#000000~1~0~transparent~gge3456~0^^PL~912 -669 912 -681~#000000~1~0~transparent~gge3457~0^^PL~914 -672 914 -678~#000000~1~0~transparent~gge3458~0^^PL~916 -674 916 -676~#000000~1~0~transparent~gge3459~0","F~part_netLabel_gnD~965~-590~270~gge3469~~0^^965~-590^^GND~#000000~922.3046875~-585.9375~0~start~1~Times New Roman~9pt~flag_gge12^^PL~955 -590 965 -590~#000000~1~0~transparent~gge3473~0^^PL~955 -599 955 -581~#000000~1~0~transparent~gge3474~0^^PL~953 -596 953 -584~#000000~1~0~transparent~gge3475~0^^PL~951 -593 951 -587~#000000~1~0~transparent~gge3476~0^^PL~949 -591 949 -589~#000000~1~0~transparent~gge3477~0","F~part_netLabel_netPort~585~-595~180~gge3490~~0^^585~-595^^GPIO5~#0000FF~606.87~-592.58~0~~1~Times New Roman~8pt~flag_gge13^^PL~585 -595 590 -600 605 -600 605 -590 590 -590 585 -595~#0000FF~1~0~transparent~gge3494~0","F~part_netLabel_netPort~750~-570~0~gge3496~~0^^750~-570^^GPIO5~#0000FF~697.72~-565.04~0~~1~Times New Roman~8pt~flag_gge14^^PL~750 -570 745 -565 730 -565 730 -575 745 -575 750 -570~#0000FF~1~0~transparent~gge3500~0","W~855 -675 900 -675~#008800~1~0~none~gge3501~0","F~part_netLabel_gnD~710~-610~270~gge3502~~0^^710~-610^^GND~#000000~667.3046875~-605.9375~0~start~1~Times New Roman~9pt~flag_gge15^^PL~700 -610 710 -610~#000000~1~0~transparent~gge3506~0^^PL~700 -619 700 -601~#000000~1~0~transparent~gge3507~0^^PL~698 -616 698 -604~#000000~1~0~transparent~gge3508~0^^PL~696 -613 696 -607~#000000~1~0~transparent~gge3509~0^^PL~694 -611 694 -609~#000000~1~0~transparent~gge3510~0","W~750 -610 710 -610~#008800~1~0~none~gge3521~0","F~part_netLabel_netPort~910~-530~0~gge3523~~0^^910~-530^^GPIO6~#0000FF~857.7~-525.06~0~~1~Times New Roman~8pt~flag_gge16^^PL~910 -530 905 -525 890 -525 890 -535 905 -535 910 -530~#0000FF~1~0~transparent~gge3527~0","F~part_netLabel_netPort~585~-575~180~gge3528~~0^^585~-575^^GPIO6~#0000FF~606.88~-572.56~0~~1~Times New Roman~8pt~flag_gge17^^PL~585 -575 590 -580 605 -580 605 -570 590 -570 585 -575~#0000FF~1~0~transparent~gge3532~0","F~part_netLabel_netPort~750~-560~0~gge3539~~0^^750~-560^^GPIO6~#0000FF~697.72~-555.04~0~~1~Times New Roman~8pt~flag_gge18^^PL~750 -560 745 -555 730 -555 730 -565 745 -565 750 -560~#0000FF~1~0~transparent~gge3543~0","W~910 -530 950 -530 950 -550 965 -550~#008800~1~0~none~gge3545~0","F~part_netLabel_netPort~750~-600~0~gge3550~~0^^750~-600^^VDD~#0000FF~705.22~-595.48~0~~1~Times New Roman~8pt~flag_gge19^^PL~750 -600 745 -595 730 -595 730 -605 745 -605 750 -600~#0000FF~1~0~transparent~gge3554~0","F~part_netLabel_netPort~750~-620~0~gge3564~~0^^750~-620^^Vin~#0000FF~712.93~-615~0~~1~Times New Roman~8pt~flag_gge20^^PL~750 -620 745 -615 730 -615 730 -625 745 -625 750 -620~#0000FF~1~0~transparent~gge3568~0","J~325~-675~2.5~#CC0000~gge3318~0","J~240~-600~2.5~#CC0000~gge3320~0","J~240~-610~2.5~#CC0000~gge3323~0","J~920~-570~2.5~#CC0000~gge3440~0","J~920~-530~2.5~#CC0000~gge3547~0"],"BBox":{"x":0,"y":-806,"width":1149,"height":807.2},"colors":{}}}]}